Month,avg_t_diff
6,8.739657734935665
7,9.078879799125223
5,9.227768334646159
4,9.588299366038378
3,9.635100855120495
8,9.741553335740361
2,9.916853734759453
9,10.042065167888047
1,10.182823671985457
12,10.23908923830917
10,10.307130030201616
11,10.329165788475319
