state,avg_t_diff
ACT,14.490231092436975
NT,14.21164156356464
WA,12.02510941726088
VIC,11.005619511475167
SA,10.140919311319543
NSW,8.82605816788226
QLD,7.364943782824173
