state,avg_t_diff
ACT,14.49065051356334
NT,14.219381181381
WA,12.025125455082161
VIC,11.156740882917466
SA,10.145034500548139
NSW,8.839510427804711
QLD,7.30768967874231
