state,avg_t_diff
QLD,7.364943782824173
NSW,8.82605816788226
SA,10.140919311319543
VIC,11.005619511475167
WA,12.02510941726088
NT,14.21164156356464
ACT,14.490231092436975
