state,avg_min
VIC,8.4170574943556
QLD,10.508810646583749
SA,11.325333874793147
WA,12.533455942319076
NSW,13.4589783413658
NT,20.55695092390694
